<?xml version="1.0" encoding="utf-8"?>
<!--/624723/972201/2.50/4/4/Relay or Contactor/-->
<quadcept_library>
  <setting unit="mil" />
  <textstyle name="Default" height="47.244094488189" strokewidth="7.8740157480315" charwidth="47.244094488189" />
  <textstyle name="Dimension" height="19.6850393700787" strokewidth="0" charwidth="19.6850393700787" />
  <textstyle name="H127W0635TH00762" height="50" strokewidth="3" charwidth="25" />
  <textstyle name="H15W15TH02" height="59.0551181102362" strokewidth="7.8740157480315" charwidth="59.0551181102362" />
  <padstyle name="c130.3_h76" surface="False" plated="True" isvia="False" nopaste="True" nomask="True" complex="False" holesize="29.921259842519">
    <padshape layer="TOP" shape="round" width="51.299212598425" height="51.299212598425" />
    <padshape layer="TOP_SOLDER_MASK" shape="round" width="59.173228346456" height="59.173228346456" />
    <padshape layer="INNER" shape="round" width="51.299212598425" height="51.299212598425" />
    <padshape layer="BOTTOM" shape="round" width="51.299212598425" height="51.299212598425" />
    <padshape layer="BOTTOM_SOLDER_MASK" shape="round" width="59.173228346456" height="59.173228346456" />
  </padstyle>
  <footprint name="SIL031A7271D" originx="0" originy="0" pickpointx="0" pickpointy="0">
    <pcbpin number="1" name="1" style="c130.3_h76" originx="0" originy="0" rotation="90" />
    <pcbpin number="2" name="3" style="c130.3_h76" originx="200" originy="0" rotation="90" />
    <pcbpin number="3" name="5" style="c130.3_h76" originx="400" originy="0" rotation="90" />
    <pcbpin number="4" name="7" style="c130.3_h76" originx="599.99999999999" originy="0" rotation="90" />
    <line layer="TOP_ASSEMBLY" originx="-89.763779527558" originy="99.999999999999" endx="689.76377952755" endy="99.999999999999" width="7.8740157480314" />
    <line layer="TOP_ASSEMBLY" originx="689.76377952755" originy="99.999999999999" endx="689.76377952755" endy="-99.999999999999" width="7.8740157480314" />
    <line layer="TOP_ASSEMBLY" originx="689.76377952755" originy="-99.999999999999" endx="-89.763779527558" endy="-99.999999999999" width="7.8740157480314" />
    <line layer="TOP_ASSEMBLY" originx="-89.763779527558" originy="-99.999999999999" endx="-89.763779527558" endy="99.999999999999" width="7.8740157480314" />
    <line layer="TOP_SILKSCREEN" originx="-89.763779527558" originy="99.999999999999" endx="689.76377952755" endy="99.999999999999" width="3.9370078740157" />
    <line layer="TOP_SILKSCREEN" originx="689.76377952755" originy="99.999999999999" endx="689.76377952755" endy="-99.999999999999" width="3.9370078740157" />
    <line layer="TOP_SILKSCREEN" originx="689.76377952755" originy="-99.999999999999" endx="-89.763779527558" endy="-99.999999999999" width="3.9370078740157" />
    <line layer="TOP_SILKSCREEN" originx="-89.763779527558" originy="-99.999999999999" endx="-89.763779527558" endy="99.999999999999" width="3.9370078740157" />
    <line layer="TOP_PLACE_BOUND" originx="-211.81102362204" originy="139.37007874016" endx="729.13385826771" endy="139.37007874016" width="3.9370078740157" />
    <line layer="TOP_PLACE_BOUND" originx="729.13385826771" originy="139.37007874016" endx="729.13385826771" endy="-139.37007874016" width="3.9370078740157" />
    <line layer="TOP_PLACE_BOUND" originx="729.13385826771" originy="-139.37007874016" endx="-211.81102362204" endy="-139.37007874016" width="3.9370078740157" />
    <line layer="TOP_PLACE_BOUND" originx="-211.81102362204" originy="-139.37007874016" endx="-211.81102362204" endy="139.37007874016" width="3.9370078740157" />
    <line layer="TOP_SILKSCREEN" originx="-172.44094488189" originy="0" endx="-172.44094488189" endy="0" width="3.9370078740157" />
    <arc layer="TOP_SILKSCREEN" originx="-170.47244094488" originy="0" startangle="-180.0" sweepangle="180.0" radius="1.9685039370079" width="3.9370078740157" />
    <line layer="TOP_SILKSCREEN" originx="-168.50393700787" originy="0" endx="-168.50393700787" endy="0" width="3.9370078740157" />
    <arc layer="TOP_SILKSCREEN" originx="-170.47244094488" originy="0" startangle=".0" sweepangle="180.0" radius="1.9685039370079" width="3.9370078740157" />
  </footprint>
  <symbol name="SIL03-1A72-71D" originx="0" originy="0">
    <line originx="200" originy="100" endx="700" endy="100" width="0" />
    <line originx="700" originy="-400" endx="700" endy="100" width="0" />
    <line originx="700" originy="-400" endx="200" endy="-400" width="0" />
    <line originx="200" originy="100" endx="200" endy="-400" width="0" />
    <sympin number="1" originx="200" originy="0" rotation="180" length="100" width="7.8740157480315" flipped="False">
      <text name="pinname" originx="230" originy="0" style="Default" rotation="0" justify="left" flipped="False" hidden="False" data="COM" />
      <text name="pindes" originx="140" originy="20" style="Default" rotation="0" justify="lowerright" flipped="False" hidden="False" data="1" />
    </sympin>
    <sympin number="3" originx="200" originy="-100" rotation="180" length="100" width="7.8740157480315" flipped="False">
      <text name="pinname" originx="230" originy="-100" style="Default" rotation="0" justify="left" flipped="False" hidden="False" data="K" />
      <text name="pindes" originx="140" originy="-80" style="Default" rotation="0" justify="lowerright" flipped="False" hidden="False" data="3" />
    </sympin>
    <sympin number="5" originx="200" originy="-200" rotation="180" length="100" width="7.8740157480315" flipped="False">
      <text name="pinname" originx="230" originy="-200" style="Default" rotation="0" justify="left" flipped="False" hidden="False" data="A" />
      <text name="pindes" originx="140" originy="-180" style="Default" rotation="0" justify="lowerright" flipped="False" hidden="False" data="5" />
    </sympin>
    <sympin number="7" originx="200" originy="-300" rotation="180" length="100" width="7.8740157480315" flipped="False">
      <text name="pinname" originx="230" originy="-300" style="Default" rotation="0" justify="left" flipped="False" hidden="False" data="NO" />
      <text name="pindes" originx="140" originy="-280" style="Default" rotation="0" justify="lowerright" flipped="False" hidden="False" data="7" />
    </sympin>
  </symbol>
  <component name="SIL03-1A72-71D" designatorprefix="K" height="307.08661417322" footprint="SIL031A7271D">
    <comppin designator="1" sympin="1" pinswap="0" gateswap="0" gate="1" group="1" side="" type="Any" name="COM" />
    <comppin designator="3" sympin="3" pinswap="0" gateswap="0" gate="1" group="1" side="" type="Any" name="K" />
    <comppin designator="5" sympin="5" pinswap="0" gateswap="0" gate="1" group="1" side="" type="Any" name="A" />
    <comppin designator="7" sympin="7" pinswap="0" gateswap="0" gate="1" group="1" side="" type="Any" name="NO" />
    <attached_symbol gate="1" name="SIL03-1A72-71D" />
    <pinmap designator="1" footprintpin="1" />
    <pinmap designator="3" footprintpin="2" />
    <pinmap designator="5" footprintpin="3" />
    <pinmap designator="7" footprintpin="4" />
    <text name="Datasheet" originx="0" originy="0" style="Default" rotation="0" justify="" flipped="False" hidden="True" data="https://4a30d8fd18dae1bf393d-df49f4cedb726ad03ad145d2e3d346bd.ssl.cf5.rackcdn.com/datasheets/33/3303172171e.pdf" />
    <text name="Description" originx="0" originy="0" style="Default" rotation="0" justify="" flipped="False" hidden="True" data="Reed Relays Form A - NO 10 W, 200 V" />
    <text name="Manufacturer_Name" originx="0" originy="0" style="Default" rotation="0" justify="" flipped="False" hidden="True" data="Meder" />
    <text name="Manufacturer_Part_Number" originx="750" originy="200" style="Default" rotation="0" justify="left" flipped="False" hidden="False" data="SIL03-1A72-71D" />
    <text name="Mouser Part Number" originx="0" originy="0" style="Default" rotation="0" justify="" flipped="False" hidden="True" data="876-SIL03-1A72-71D" />
    <text name="Mouser Price/Stock" originx="0" originy="0" style="Default" rotation="0" justify="" flipped="False" hidden="True" data="https://www.mouser.co.uk/ProductDetail/MEDER-electronic-Standex/SIL03-1A72-71D?qs=XQXp6f9AQWAyfFxxKRfX0Q%3D%3D" />
    <text name="Arrow Part Number" originx="0" originy="0" style="Default" rotation="0" justify="" flipped="False" hidden="True" data="" />
    <text name="Arrow Price/Stock" originx="0" originy="0" style="Default" rotation="0" justify="" flipped="False" hidden="True" data="" />
  </component>
</quadcept_library>
