<?xml version="1.0" encoding="utf-8"?>
<!--/1827060/827608/2.50/6/4/Power Supply/-->
<quadcept_library>
  <setting unit="mil" />
  <textstyle name="Default" height="47.244094488189" strokewidth="7.8740157480315" charwidth="47.244094488189" />
  <textstyle name="Dimension" height="19.6850393700787" strokewidth="0" charwidth="19.6850393700787" />
  <textstyle name="H127W0635TH00762" height="50" strokewidth="3" charwidth="25" />
  <textstyle name="H15W15TH02" height="59.0551181102362" strokewidth="7.8740157480315" charwidth="59.0551181102362" />
  <padstyle name="c180_h120" surface="False" plated="True" isvia="False" nopaste="True" nomask="True" complex="False" holesize="47.244094488188">
    <padshape layer="TOP" shape="round" width="70.866141732283" height="70.866141732283" />
    <padshape layer="TOP_SOLDER_MASK" shape="round" width="78.740157480314" height="78.740157480314" />
    <padshape layer="INNER" shape="round" width="70.866141732283" height="70.866141732283" />
    <padshape layer="BOTTOM" shape="round" width="70.866141732283" height="70.866141732283" />
    <padshape layer="BOTTOM_SOLDER_MASK" shape="round" width="78.740157480314" height="78.740157480314" />
  </padstyle>
  <footprint name="SKMW30F12" originx="0" originy="0" pickpointx="0" pickpointy="0">
    <pcbpin number="1" name="1" style="c180_h120" originx="0" originy="0" rotation="90" />
    <pcbpin number="2" name="2" style="c180_h120" originx="-200" originy="0" rotation="90" />
    <pcbpin number="3" name="3" style="c180_h120" originx="300" originy="799.99999999999" rotation="90" />
    <pcbpin number="4" name="4" style="c180_h120" originx="-99.999999999999" originy="799.99999999999" rotation="90" />
    <pcbpin number="5" name="5" style="c180_h120" originx="-499.99999999999" originy="799.99999999999" rotation="90" />
    <pcbpin number="6" name="6" style="c180_h120" originx="-499.99999999999" originy="0" rotation="90" />
    <line layer="TOP_ASSEMBLY" originx="-599.99999999999" originy="899.99999999999" endx="400" endy="899.99999999999" width="7.8740157480314" />
    <line layer="TOP_ASSEMBLY" originx="400" originy="899.99999999999" endx="400" endy="-99.999999999999" width="7.8740157480314" />
    <line layer="TOP_ASSEMBLY" originx="400" originy="-99.999999999999" endx="-599.99999999999" endy="-99.999999999999" width="7.8740157480314" />
    <line layer="TOP_ASSEMBLY" originx="-599.99999999999" originy="-99.999999999999" endx="-599.99999999999" endy="899.99999999999" width="7.8740157480314" />
    <line layer="TOP_SILKSCREEN" originx="-599.99999999999" originy="899.99999999999" endx="400" endy="899.99999999999" width="3.9370078740157" />
    <line layer="TOP_SILKSCREEN" originx="400" originy="899.99999999999" endx="400" endy="-99.999999999999" width="3.9370078740157" />
    <line layer="TOP_SILKSCREEN" originx="400" originy="-99.999999999999" endx="-599.99999999999" endy="-99.999999999999" width="3.9370078740157" />
    <line layer="TOP_SILKSCREEN" originx="-599.99999999999" originy="-99.999999999999" endx="-599.99999999999" endy="899.99999999999" width="3.9370078740157" />
    <line layer="TOP_PLACE_BOUND" originx="-639.37007874015" originy="939.37007874015" endx="439.37007874015" endy="939.37007874015" width="3.9370078740157" />
    <line layer="TOP_PLACE_BOUND" originx="439.37007874015" originy="939.37007874015" endx="439.37007874015" endy="-162.99212598425" width="3.9370078740157" />
    <line layer="TOP_PLACE_BOUND" originx="439.37007874015" originy="-162.99212598425" endx="-639.37007874015" endy="-162.99212598425" width="3.9370078740157" />
    <line layer="TOP_PLACE_BOUND" originx="-639.37007874015" originy="-162.99212598425" endx="-639.37007874015" endy="939.37007874015" width="3.9370078740157" />
    <line layer="TOP_SILKSCREEN" originx="-1.5748031496063" originy="-119.68503937008" endx="-1.5748031496063" endy="-119.68503937008" width="7.8740157480314" />
    <arc layer="TOP_SILKSCREEN" originx="2.3622047244094" originy="-119.68503937008" startangle="180.0" sweepangle="180.0" radius="3.9370078740157" width="7.8740157480314" />
    <line layer="TOP_SILKSCREEN" originx="6.2992125984251" originy="-119.68503937008" endx="6.2992125984251" endy="-119.68503937008" width="7.8740157480314" />
    <arc layer="TOP_SILKSCREEN" originx="2.3622047244094" originy="-119.68503937008" startangle=".0" sweepangle="180.0" radius="3.9370078740157" width="7.8740157480314" />
  </footprint>
  <symbol name="SKMW30F-05" originx="0" originy="0">
    <line originx="200" originy="100" endx="1000" endy="100" width="0" />
    <line originx="1000" originy="-300" endx="1000" endy="100" width="0" />
    <line originx="1000" originy="-300" endx="200" endy="-300" width="0" />
    <line originx="200" originy="100" endx="200" endy="-300" width="0" />
    <sympin number="1" originx="200" originy="-200" rotation="180" length="100" width="7.8740157480315" flipped="False">
      <text name="pinname" originx="230" originy="-200" style="Default" rotation="0" justify="left" flipped="False" hidden="False" data="+VIN" />
      <text name="pindes" originx="140" originy="-180" style="Default" rotation="0" justify="lowerright" flipped="False" hidden="False" data="1" />
    </sympin>
    <sympin number="2" originx="200" originy="-100" rotation="180" length="100" width="7.8740157480315" flipped="False">
      <text name="pinname" originx="230" originy="-100" style="Default" rotation="0" justify="left" flipped="False" hidden="False" data="-VIN" />
      <text name="pindes" originx="140" originy="-80" style="Default" rotation="0" justify="lowerright" flipped="False" hidden="False" data="2" />
    </sympin>
    <sympin number="3" originx="1000" originy="-200" rotation="0" length="100" width="7.8740157480315" flipped="False">
      <text name="pinname" originx="970" originy="-200" style="Default" rotation="0" justify="right" flipped="False" hidden="False" data="+VOUT" />
      <text name="pindes" originx="1060" originy="-180" style="Default" rotation="0" justify="lowerleft" flipped="False" hidden="False" data="3" />
    </sympin>
    <sympin number="4" originx="1000" originy="-100" rotation="0" length="100" width="7.8740157480315" flipped="False">
      <text name="pinname" originx="970" originy="-100" style="Default" rotation="0" justify="right" flipped="False" hidden="False" data="TRIM" />
      <text name="pindes" originx="1060" originy="-80" style="Default" rotation="0" justify="lowerleft" flipped="False" hidden="False" data="4" />
    </sympin>
    <sympin number="5" originx="1000" originy="0" rotation="0" length="100" width="7.8740157480315" flipped="False">
      <text name="pinname" originx="970" originy="0" style="Default" rotation="0" justify="right" flipped="False" hidden="False" data="-VOUT" />
      <text name="pindes" originx="1060" originy="20" style="Default" rotation="0" justify="lowerleft" flipped="False" hidden="False" data="5" />
    </sympin>
    <sympin number="6" originx="200" originy="0" rotation="180" length="100" width="7.8740157480315" flipped="False">
      <text name="pinname" originx="230" originy="0" style="Default" rotation="0" justify="left" flipped="False" hidden="False" data="R.C." />
      <text name="pindes" originx="140" originy="20" style="Default" rotation="0" justify="lowerright" flipped="False" hidden="False" data="6" />
    </sympin>
  </symbol>
  <component name="SKMW30F-05" designatorprefix="PS" height="401.5748031496" footprint="SKMW30F12">
    <comppin designator="1" sympin="1" pinswap="0" gateswap="0" gate="1" group="1" side="" type="Any" name="+VIN" />
    <comppin designator="2" sympin="2" pinswap="0" gateswap="0" gate="1" group="1" side="" type="Any" name="-VIN" />
    <comppin designator="3" sympin="3" pinswap="0" gateswap="0" gate="1" group="1" side="" type="Any" name="+VOUT" />
    <comppin designator="4" sympin="4" pinswap="0" gateswap="0" gate="1" group="1" side="" type="Any" name="TRIM" />
    <comppin designator="5" sympin="5" pinswap="0" gateswap="0" gate="1" group="1" side="" type="Any" name="-VOUT" />
    <comppin designator="6" sympin="6" pinswap="0" gateswap="0" gate="1" group="1" side="" type="Any" name="R.C." />
    <attached_symbol gate="1" name="SKMW30F-05" />
    <pinmap designator="1" footprintpin="1" />
    <pinmap designator="2" footprintpin="2" />
    <pinmap designator="3" footprintpin="3" />
    <pinmap designator="4" footprintpin="4" />
    <pinmap designator="5" footprintpin="5" />
    <pinmap designator="6" footprintpin="6" />
    <text name="Datasheet" originx="0" originy="0" style="Default" rotation="0" justify="" flipped="False" hidden="True" data="https://datasheet.datasheetarchive.com/originals/distributors/DKDS-2/37030.pdf" />
    <text name="Description" originx="0" originy="0" style="Default" rotation="0" justify="" flipped="False" hidden="True" data="Isolated DC/DC Converters 9-36Vin 5Vout 6000mA DIP Iso Reg" />
    <text name="Mouser Part Number" originx="0" originy="0" style="Default" rotation="0" justify="" flipped="False" hidden="True" data="709-SKMW30F-05" />
    <text name="Mouser Price/Stock" originx="0" originy="0" style="Default" rotation="0" justify="" flipped="False" hidden="True" data="https://www.mouser.co.uk/ProductDetail/MEAN-WELL/SKMW30F-05?qs=5aG0NVq1C4wXgR0AOGadKw%3D%3D" />
    <text name="Manufacturer_Name" originx="0" originy="0" style="Default" rotation="0" justify="" flipped="False" hidden="True" data="Mean Well" />
    <text name="Manufacturer_Part_Number" originx="1050" originy="200" style="Default" rotation="0" justify="left" flipped="False" hidden="False" data="SKMW30F-05" />
  </component>
</quadcept_library>
